epoch,train_rmse,train_mae,avg_val_rmse,avg_val_mae,lr,val_rmse_MGFarm_18650_C07,val_rmse_MGFarm_18650_C19,val_rmse_MGFarm_18650_C21,val_mae_MGFarm_18650_C07,val_mae_MGFarm_18650_C19,val_mae_MGFarm_18650_C21
1,0.0598311661481844,0.032669954,0.14250980998224075,0.12913500796059899,9.990133642141359e-05,0.14052982265806585,0.17570767844073878,0.11129192884791758,0.1297917449434602,0.1635094670879681,0.0941038118503686
2,0.03930859274094272,0.021546252,0.17718598817081535,0.16039213027785323,9.96057350657239e-05,0.18027659366290757,0.19999985290367367,0.15128151794586486,0.16660442368320685,0.18228829741720928,0.13228366973314357
3,0.03697157295598737,0.021019958,0.16952382439261246,0.15440485308456672,9.911436253643444e-05,0.1691975172507521,0.20497025699619065,0.13440369893089457,0.15794224024499512,0.1900200443077886,0.11525227470091647
4,0.042141882603699665,0.0196746,0.17052790707155083,0.15606210937110057,9.842915805643155e-05,0.1710274415137369,0.201168126576955,0.1393881531239606,0.15978780189605166,0.18664035803860207,0.121758168178648
5,0.04111092351768027,0.019606417,0.1785035390563262,0.16330916947101226,9.755282581475769e-05,0.17957481054083554,0.20880331650789874,0.1471324901202443,0.16783658804220386,0.19239394293669962,0.12969697743413333
6,0.04161598958072313,0.019393727,0.16396071870639448,0.1499196488093887,9.648882429441257e-05,0.1635434945469659,0.19605348515277407,0.13228517641944348,0.15268686532050077,0.18282738566067103,0.1142446954469943
7,0.046829436126447695,0.01978972,0.17828993445103047,0.1631798386692984,9.524135262330098e-05,0.17888766769866016,0.210504022096979,0.14547811355745233,0.16742692322354283,0.19486304829785964,0.12724954448649273
8,0.05112157524913392,0.020343727,0.17846220357452788,0.1627462824698672,9.381533400219317e-05,0.17907690160387865,0.21169065355784306,0.14461905556186191,0.1672745027536188,0.19532124713267088,0.12564309752331193
9,0.04969780901979064,0.02036803,0.17509717336103395,0.15965677527793562,9.221639627510075e-05,0.17501688394380455,0.20914497010116243,0.14112966603813487,0.16347376654458526,0.19303189476961943,0.12246466451960221
10,0.049138504601658806,0.020933913,0.16833732253364464,0.15388621847169426,9.045084971874735e-05,0.16652866934160448,0.20552371676454279,0.13295958149478665,0.1558939562185693,0.19052080560827955,0.11524389358823392
11,0.051100297624005586,0.021340573,0.16646743931391553,0.15217812062442482,8.852566213878945e-05,0.16438369088798707,0.20366905497413154,0.131349572079628,0.15387278251689485,0.18854562757509719,0.11411595178128241
12,0.052108782426955984,0.023391008,0.16628115583541894,0.15226793955289766,8.644843137107056e-05,0.16519412252882495,0.2009483370000788,0.132701007977353,0.15466554383392836,0.18722817941724554,0.11491009540751915
13,0.04668796300497825,0.019849475,0.16295128680826307,0.14917162856413096,8.422735529643442e-05,0.16152444996572826,0.19801757333158998,0.129311837127471,0.15128447624917507,0.18414797063661412,0.11208243880660367
14,0.046625873061533776,0.020527855,0.1604742293461742,0.14725918750457054,8.187119948743447e-05,0.15885450106591475,0.1947851128218102,0.12778307415079765,0.1489364680300128,0.18118664212654412,0.11165445235715467
15,0.0480685837217444,0.020967089,0.1632476580745819,0.14797245503912024,7.938926261462366e-05,0.16270850233893766,0.19740869136782943,0.12962578051697857,0.15120524149234596,0.18244799053397015,0.1102641330910446
16,0.04829536859380576,0.020256314,0.1639595735444568,0.14886851266040554,7.679133974894982e-05,0.1634908880728367,0.19821575077618034,0.13017208178435338,0.15211988236419127,0.18317023843465224,0.11131541718237313
17,0.05231313677572557,0.024446316,0.16022621189321493,0.14460883410422568,7.408768370508575e-05,0.16011516362657202,0.1925874238134883,0.12797604823958442,0.1482232709859471,0.1775073824926599,0.10809584883407006
18,0.04907236106951125,0.02097701,0.16145661993022423,0.14544965175593313,7.128896457825361e-05,0.16159078155344486,0.1948988673962388,0.127880210840989,0.149630612596389,0.17935465021810434,0.10736369245330604
19,0.04841523492299753,0.020484086,0.16377517307175826,0.14764341137495357,6.840622763423389e-05,0.16405933466125974,0.19745596350933853,0.12981022104467654,0.152014077714933,0.18152560332370146,0.10939055308622624
20,0.04965491393083129,0.020906692,0.16492108764899746,0.1488775615964837,6.545084971874736e-05,0.16529118711512353,0.1984581225550736,0.13101395327679527,0.15330932725595384,0.18266618749990746,0.11065717003358974
21,0.050746212800307465,0.021584291,0.16301972483220908,0.14706619802853238,6.243449435824272e-05,0.16336331785962682,0.19513188459876737,0.13056397203823308,0.15124819666720596,0.17970544163225124,0.11024495578613992
22,0.050688283986526396,0.020819955,0.16326407664665757,0.14716312396991524,5.9369065729286224e-05,0.16337661951974225,0.1969667404390479,0.12944886998118257,0.15134412515137596,0.18112656938871605,0.1090186773696537
23,0.051559661123950225,0.02090764,0.165827712397451,0.14957717007495322,5.626666167821521e-05,0.16572163998700587,0.20122041943509625,0.1305410777702509,0.15375320363304296,0.1850370115602989,0.10994129503151777
24,0.052340894974072134,0.02103996,0.16468768641209844,0.14859820307347535,5.3139525976465657e-05,0.16441650627039603,0.19946097758504017,0.1301855753808592,0.1524987501430758,0.18340608186525537,0.10988977721209484
25,0.05305370504618238,0.021449756,0.1630754089508634,0.14708985643793127,4.999999999999998e-05,0.16243608186329384,0.19818101028836196,0.1286091347009344,0.15060379589289244,0.18206504446332913,0.10860072895757224
26,0.05653620467081633,0.024133729,0.1550554873739819,0.13957701998041658,4.6860474023534314e-05,0.15342076309991287,0.18980072424417735,0.1219449747778555,0.14191929735295283,0.17398649657963128,0.10282526600866557
27,0.05352858605933175,0.022965245,0.14802431586616385,0.13310166862770406,4.3733338321784775e-05,0.1462872627523781,0.18105620167010503,0.11672948317600845,0.13486210695396456,0.16668235288713357,0.09776054604201406
28,0.05333553304651651,0.022784326,0.144414973578227,0.12990471618425545,4.063093427071375e-05,0.14237100619202686,0.1771817642347927,0.11369215030786142,0.1312024854336771,0.16353105526852416,0.09498060785056507
29,0.05305495821884294,0.02271581,0.14471652216860667,0.13027121405283867,3.756550564175724e-05,0.14266741409943615,0.17702517062174455,0.11445698178463935,0.13144375908512743,0.16384911154970652,0.09552077152368209
30,0.057335170571608855,0.02416398,0.1467897360940823,0.1321750057956608,3.454915028125263e-05,0.14488839250231386,0.17953065361974535,0.1159501621601877,0.13356586967519624,0.16630059236349107,0.09665855534829516
31,0.05859212064210484,0.024036622,0.1486092800000697,0.13388289788401536,3.1593772365766105e-05,0.14682337072560211,0.18191533418062128,0.11708913509398572,0.13544426446727426,0.16866612287774999,0.0975383063070218
32,0.05867122645635968,0.023778722,0.15045447993130887,0.13580994862644905,2.8711035421746357e-05,0.14853606102958355,0.18477852473539935,0.1180488540289437,0.13729572653712177,0.17183378941966326,0.09830032992256207
33,0.05883947807927285,0.024214687,0.15429037170094287,0.13939710523390222,2.591231629491422e-05,0.15361593920237743,0.18766188572235173,0.12159329017809944,0.14229303411428595,0.17418955543528888,0.10170872615213179
34,0.060514538390396104,0.024574785,0.15436874504405518,0.13938413830938923,2.3208660251050148e-05,0.1538533811106091,0.18693630495470234,0.1223165490668541,0.14231700766012798,0.17367079085505094,0.10216461641298878
35,0.06252274934579019,0.024447618,0.1540419296690618,0.13910383380541874,2.061073738537634e-05,0.15362120187648498,0.18576743403967924,0.1227371530910212,0.14199772106030972,0.17263505843412033,0.10267872192182619
36,0.06427641553653783,0.024802253,0.15428812125392338,0.13937860697079954,1.8128800512565503e-05,0.15385995879637956,0.18572311613288137,0.12328128883250922,0.1422440978427694,0.1725308141271031,0.10336090894252609
37,0.06307636651059016,0.02435818,0.15445805160850454,0.13959152268995859,1.5772644703565555e-05,0.1539600177796457,0.18560728038070703,0.12380685666516086,0.14234125274675913,0.17230436423243337,0.10412895109068325
38,0.06277921190250489,0.024353096,0.15318371729615954,0.1384160910125159,1.3551568628929426e-05,0.15239332289387586,0.18448202410979095,0.1226758048848118,0.14084056926454278,0.17119926645471323,0.10320843731829173
39,0.06362095186964473,0.024711784,0.1518139451418479,0.1371999338816953,1.1474337861210536e-05,0.1507067674389733,0.18312648442834983,0.12160858355822057,0.13925272829352828,0.1700844123808791,0.10226266097067852
40,0.06651772052772316,0.025635464,0.1493584577308801,0.13494565747304574,9.549150281252626e-06,0.14791830835658362,0.1808084744010089,0.11934859043504785,0.13659950855784153,0.16800867267491257,0.10022879118638313
41,0.07033411556811256,0.027089093,0.14707254699272665,0.13276543300519658,7.783603724899252e-06,0.14543423081534432,0.17830774931011,0.11747566085272568,0.13414152498272974,0.1655876126627093,0.09856716137015063
42,0.07407840456634472,0.028941454,0.14595847523848002,0.1318544290108229,6.184665997806817e-06,0.1440670635735613,0.17731542216650975,0.11649293997536894,0.13296398975460513,0.16465984212055654,0.09793945515730701
43,0.07716424648887135,0.0310058,0.144025416756509,0.1301428947034267,4.75864737669903e-06,0.14176545394739198,0.17572465361813489,0.11458614270400014,0.1308342129620249,0.16332839848969016,0.096266072658565
44,0.08041682299050218,0.033546213,0.14232254812205158,0.1286178801274973,3.5111757055874303e-06,0.13982177417871838,0.17412461683893524,0.1130212533485011,0.12896675816977476,0.16198196504890608,0.09490491716381108
45,0.08603687977802764,0.037496902,0.13948382228505785,0.12544058859020132,2.4471741852423216e-06,0.13709027352467687,0.1704101571944694,0.11095103613602728,0.125710974287088,0.15803011332824127,0.09258067815527476
46,0.09602449265335432,0.044513177,0.13554738487735782,0.11991710480878641,1.5708419435684504e-06,0.13424286553312995,0.16317572454378132,0.1092235645551621,0.12123204491605949,0.14818562942569372,0.09033364008460597
47,0.11261436834482907,0.057183504,0.1330446143527327,0.11705995883788395,8.856374635655631e-07,0.1319257004279717,0.15944225986097957,0.10776588276924684,0.11852521539686504,0.14373267579859056,0.08892198531819623
48,0.14476776115329762,0.083119944,0.12810429106365673,0.11199586806273544,3.942649342761114e-07,0.12684730517337447,0.15354811496544504,0.10391745305215065,0.113123656603858,0.13769231765934217,0.08517162992500615
49,0.18467942333214749,0.12848584,0.11623261336652409,0.09954047406849437,9.866357858642197e-08,0.11529752180645396,0.13658170541062065,0.09681861288249767,0.09945346845406056,0.12091432573144352,0.07825362801997905
50,0.2223046319635127,0.16151112,0.07300593608110266,0.06036928303303978,0.0,0.06776659186272461,0.08412773420111411,0.06712348217946926,0.05455019439749791,0.07209117215941546,0.054466482542205964
51,0.264900827415811,0.18580642,0.07300593608110266,0.06036928303303978,9.866357858642205e-08,0.06776659186272461,0.08412773420111411,0.06712348217946926,0.05455019439749791,0.07209117215941546,0.054466482542205964
52,0.2175403757690663,0.15113613,0.07214092982638191,0.058583303322930824,3.942649342761062e-07,0.06814516073009086,0.07743450377967802,0.07084312496937682,0.05476177304694469,0.06356927792251538,0.0574188589993324
53,0.14019738427995299,0.097268425,0.11250252662598863,0.09700400529365898,8.856374635655695e-07,0.10856804846950055,0.1376454113227319,0.09129412008573343,0.09477717040493111,0.12224690954290977,0.07398793593313605
54,0.11857281225670896,0.06495635,0.12048052895560653,0.10494076573087756,1.5708419435684407e-06,0.1179607456642428,0.14588024444422995,0.0976005967583469,0.10473788894754578,0.13006759628796863,0.08001681195711827
55,0.0931182307352015,0.0462655,0.12384630079407764,0.10848788295174772,2.447174185242318e-06,0.12136598955387982,0.150272038439858,0.09990087438849511,0.10841198664320073,0.13495882122724015,0.08209284098480225
56,0.0787771579173924,0.035727788,0.12880832952873303,0.11360728806535196,3.511175705587427e-06,0.12635001469709248,0.15627492344973798,0.1038000504393687,0.11359198461580429,0.1415669836242264,0.08566289595602515
57,0.07135328679525615,0.030727535,0.1337290304850999,0.11882764922904022,4.758647376699015e-06,0.13137959701564617,0.16238048285975018,0.10742701157990336,0.11913915759271822,0.14823717342810652,0.08910661666629592
58,0.07914468922942232,0.037737817,0.14654180883906195,0.13022569573470436,6.184665997806826e-06,0.14562351161086323,0.17580257406587954,0.11819934084044309,0.13260382738970353,0.16003497100719402,0.09803828880721555
59,0.07585892767191606,0.0411551,0.16424516591401933,0.1460224208281791,7.78360372489924e-06,0.16559203534043393,0.19203978909643069,0.1351036733051934,0.15099603847691948,0.1745549303672611,0.11251629364035673
60,0.06248053978335572,0.02813382,0.18449899154661933,0.1632411476896778,9.54915028125261e-06,0.18937037461221903,0.2108496967385018,0.1532769032891372,0.1727130942677548,0.19130795848323492,0.12570239031804367
61,0.0665476855777628,0.026799886,0.19490759148540682,0.17160566872514002,1.1474337861210536e-05,0.20202439545680592,0.21917484210718446,0.16352353689223015,0.18358685281970308,0.19802073903030218,0.1332094143254148
62,0.06256602677208227,0.023866432,0.18753310845434867,0.1661265631184787,1.3551568628929409e-05,0.19222948493387743,0.2152695421070833,0.15510029832208527,0.17549526914899463,0.1955065601442805,0.127377860062161
63,0.061576033283079666,0.02299871,0.18396439918620577,0.1633486224406618,1.5772644703565565e-05,0.18785251471652667,0.21294485194150636,0.15109583090058432,0.17181585893060705,0.19361132389483202,0.12461868449654638
64,0.05862073000007805,0.023069577,0.18585998237339427,0.16462073622460427,1.8128800512565517e-05,0.1909087305292303,0.21200211250832462,0.15466910408262785,0.1742044712452233,0.1923535743851152,0.12730416304347428
65,0.05765804390000648,0.021762531,0.18079587230623748,0.16085364128947985,2.0610737385376332e-05,0.18426424782342554,0.20959940554470852,0.14852396355057837,0.16880755796742017,0.19089226271347,0.12286110318754938
66,0.057561519746673284,0.0214513,0.17334142964176055,0.15452653616916515,2.320866025105018e-05,0.1757337155795902,0.2030641153672403,0.1412264579784511,0.1611339577756953,0.18597498886221425,0.11647066186958582
67,0.059219570197067486,0.021614695,0.17480516136126142,0.156205092899861,2.5912316294914232e-05,0.17704829098575925,0.20539574013750136,0.1419714529605236,0.1627868443620124,0.18840559625489614,0.11742283808267447
68,0.05910458636733573,0.021597466,0.1726676303903977,0.15472535690158723,2.871103542174638e-05,0.17448728079196554,0.2037940341230319,0.13972157625619572,0.16076277730578437,0.1874237276873241,0.11598956571165325
69,0.05806857953793923,0.021097342,0.16804778959309533,0.15106719377274783,3.15937723657661e-05,0.16890335543477275,0.1994410771732802,0.13579893617123306,0.1557554867400765,0.1841225098685373,0.11332358470962967
70,0.058187375536342435,0.020691007,0.17004343724331514,0.15332406560836534,3.454915028125261e-05,0.17079600140914156,0.20227326371981494,0.13706104660098883,0.15804270735687892,0.18696071180768092,0.11496877766053622
71,0.05783023626115905,0.020299498,0.16960988504112315,0.15338802167106222,3.756550564175727e-05,0.1698459171185849,0.20232846036299937,0.13665527764178512,0.1574691028817874,0.18721440516180674,0.11548055696959253
72,0.057073518820353004,0.020079246,0.17077010252444935,0.15494712268670574,4.063093427071376e-05,0.17062133062845805,0.20446298605794272,0.1372259908869473,0.15861786580116669,0.18925965444030934,0.11696384781864125
73,0.0573496766206583,0.020129973,0.16714377525565796,0.15182217156426625,4.373333832178476e-05,0.16637388279301962,0.20101018496386186,0.13404725801009243,0.15468548522687267,0.1866837819778263,0.11409724748809982
74,0.057494304683533774,0.02004246,0.17180289724332343,0.15680394024799713,4.6860474023534335e-05,0.17117785116628184,0.20669159096982215,0.1375392495938663,0.15991700514932722,0.19202490655078272,0.11846990904388145
75,0.055240482818727496,0.019667754,0.17033828045904206,0.1558199935921338,4.999999999999999e-05,0.16926122666820254,0.20567927521764917,0.13607433949127443,0.15840065097519038,0.19150290549983445,0.11755642430137656
76,0.05638041362319165,0.02014844,0.1633021465445538,0.14898683872710697,5.3139525976465636e-05,0.16259138721899588,0.19601572764287659,0.131299324771789,0.1514523321316609,0.18211923550102868,0.11338894854863135
77,0.058576123776744135,0.020392643,0.15984901447535302,0.1459630403393532,5.626666167821521e-05,0.15877135373005447,0.19342422486362218,0.12735146483238236,0.14805957007429527,0.18025266966823925,0.10957688127552508
78,0.05789333361517839,0.020282341,0.1574396635510561,0.14353189856901963,5.936906572928621e-05,0.15623789824420992,0.19074390993393547,0.1253371824750229,0.14546769161383774,0.17731318124399745,0.10781482284922368
79,0.05709444723604367,0.020228054,0.1564016337308358,0.1424367393004848,6.243449435824273e-05,0.15505858078921594,0.19003477866197918,0.1241115417413122,0.1442853434879606,0.1766648966968582,0.10635997771663562
80,0.05536179314165139,0.01998926,0.1572407569205896,0.14311565636991883,6.545084971874734e-05,0.15581263966414635,0.1913011962489164,0.12460843484870604,0.14493972444582626,0.1776714436490009,0.10673580101492935
81,0.052554485624237,0.019663082,0.157964258654421,0.14359403598837917,6.840622763423386e-05,0.15698711299144733,0.19119713485763232,0.12570852811418343,0.14591967453771493,0.1771154966601971,0.10774693676722547
82,0.04801793741301134,0.01921673,0.16158341261435807,0.14726223375949854,7.128896457825357e-05,0.1606758764357201,0.1955947231927005,0.12847963821465364,0.1498002908959153,0.18209761734707783,0.10988879303550245
83,0.046989778638605206,0.018909412,0.16650751123947818,0.15174121742177746,7.408768370508576e-05,0.16607088859796953,0.2004354324991475,0.13301621262131755,0.154879001590464,0.1862125251356874,0.11413212553918094
84,0.047126935402975245,0.018726302,0.16595051824307652,0.1510134353048031,7.679133974894982e-05,0.16539702392839792,0.2010633525266122,0.1313911782742195,0.15420428368746347,0.18687236692211415,0.11196365530483171
85,0.052573227086806576,0.019811265,0.1652132119418824,0.15023095816374238,7.938926261462363e-05,0.16482849158077414,0.1997985762639915,0.13101256798088154,0.1535591477194926,0.18557694047254067,0.11155678629919387
86,0.050308115663338926,0.01945037,0.1645757016273838,0.14935061320679807,8.187119948743444e-05,0.1642878560288675,0.19856429260777525,0.1308749562455087,0.1528082724591329,0.1836295604577208,0.1116140067035405
87,0.047054253516523016,0.019169545,0.16165804909982467,0.1459009966203224,8.422735529643437e-05,0.16167048299793374,0.19442639599267295,0.1288772683088673,0.14971152804097201,0.17871433083577964,0.10927713098421556
88,0.04792531288871939,0.020260183,0.16763560969595445,0.15191499404541625,8.644843137107053e-05,0.1677849200778202,0.20144645141918469,0.13367545759085836,0.15598628201847928,0.18515862897759297,0.1146000711401765
89,0.046632217445154285,0.02032254,0.1671260419517532,0.1517079267570594,8.852566213878945e-05,0.16681324324373367,0.2016023743578099,0.13296250825371603,0.15527049743141344,0.18595734654237842,0.11389593629738635
90,0.046670546097273086,0.020253086,0.16906917776244404,0.15383780136103967,9.045084971874734e-05,0.168515418208261,0.20404410786745744,0.13464800721161374,0.15713227794565063,0.18870531921406114,0.11567580692340727
91,0.04771131886888926,0.020853672,0.16874683408578442,0.1535623661821173,9.221639627510072e-05,0.1681796574918983,0.20464285011599684,0.13341799464945808,0.15684582158791163,0.18973288054029763,0.11410839641814259
92,0.04913857515830364,0.021739177,0.1702121848815404,0.15492774124724862,9.381533400219313e-05,0.16965472426210135,0.2070754191431619,0.13390641123935798,0.15831643900475015,0.1920520592538047,0.11441472548319098
93,0.048817027417121156,0.021155972,0.1721700598036712,0.15683855310750033,9.524135262330094e-05,0.17176197633722906,0.20925733080639328,0.13549087226739132,0.16044484271776335,0.19434302518123395,0.11572779142350369
94,0.05062676503767939,0.021598069,0.17409064802732507,0.15848492210098683,9.648882429441254e-05,0.17362368408391482,0.21186318277254457,0.13678507722551586,0.16211393364909082,0.19654920586638136,0.1167916267874883
95,0.05366761329887302,0.022750346,0.1721274100857836,0.1565557593791588,9.755282581475765e-05,0.17153776682382493,0.21035116564167744,0.1344932977918485,0.1601276595935659,0.19539484187160752,0.11414477667230302
96,0.05346436195255208,0.022762679,0.17352287091686258,0.15812759934583587,9.842915805643151e-05,0.17271153820383778,0.21191930602469528,0.13593776852205466,0.16141174779166442,0.19697256608669952,0.11599848415914364
97,0.05567756366945089,0.025027039,0.17835066628443222,0.16131923879058419,9.911436253643439e-05,0.17921789283031547,0.21253439205796906,0.14329971396501218,0.16643258168172934,0.19571484645607887,0.12181028823394437
98,0.06324797508263919,0.02382006,0.16740563158824437,0.151924559724916,9.960573506572383e-05,0.16673304236498807,0.20362966088063691,0.13185419151910813,0.15501608352171925,0.19005298265320586,0.11070461299982294
99,0.06068338413200294,0.022683604,0.1717243897425098,0.15651832917178468,9.990133642141353e-05,0.17029881003765596,0.21114861542343322,0.13372574376644022,0.1591782569502327,0.19673354441950203,0.11364318614561937
100,0.05095913760992756,0.020726299,0.17096949765711575,0.15563478757921997,9.999999999999996e-05,0.16968311297700467,0.20928478937472333,0.13394059061961916,0.15839461159601814,0.19465677936858022,0.1138529717730615
101,0.04869662186906488,0.020077884,0.1720567015668478,0.15669702472161384,9.990133642141355e-05,0.1710329746387666,0.20945842033910836,0.13567870972266832,0.15967499382779757,0.1946366147940501,0.11577946554299387
102,0.04719760581357403,0.019650046,0.17302271461315075,0.15764821171686239,9.960573506572386e-05,0.17212970114461942,0.2098650552979559,0.13707338739687688,0.16071472844070897,0.1949507968947774,0.1172791098151008
103,0.047708213840676264,0.019891351,0.16769690812195034,0.15293082767325145,9.91143625364344e-05,0.16835319422364753,0.20053007358278596,0.13420745655941754,0.15726719229545452,0.18675875121875496,0.1147665395055449
104,0.04744934231429129,0.02012563,0.15948778218589704,0.14547784368268396,9.842915805643151e-05,0.1632243095892873,0.1850168989748036,0.13022213799360022,0.15240751709773528,0.1724876482855137,0.1115383656648029
105,0.04602604033501309,0.019736223,0.1721781892418551,0.15695680524082087,9.755282581475765e-05,0.1713258665451699,0.2084265132790283,0.13678218790136715,0.15999846209465857,0.19370619796736346,0.11716575566044052
106,0.04812899570120126,0.020184614,0.15161785618034743,0.1390290455450122,9.648882429441253e-05,0.15318572764666147,0.1786093158456045,0.12305852504877635,0.14386728023174242,0.1665783830206685,0.10664147338262572
107,0.04470348087209033,0.01923742,0.1378595436283181,0.12443928192383992,9.524135262330094e-05,0.1472183606392605,0.15039019418941424,0.11597007605627951,0.1368890329603229,0.13605177238116667,0.10037704043003019
108,0.0443102691304837,0.018985868,0.14845112376191605,0.1332768270601574,9.381533400219315e-05,0.16308701088039962,0.1531271997460169,0.1291391606593316,0.15220124522249381,0.1359341455397961,0.11169509041818226
109,0.04299719808744891,0.018856194,0.17274331804489731,0.15748373014371977,9.221639627510073e-05,0.17226052266607259,0.20783657343413312,0.13813285803448627,0.16081595875605215,0.19330370448053488,0.11833152719457228
110,0.05055981449882841,0.020349696,0.17018266388604228,0.15495601942745385,9.045084971874733e-05,0.16961292221906238,0.20497138209356494,0.13596368734549946,0.1581689971298596,0.19046208055790292,0.11623698059459905
111,0.04608182208304133,0.019569973,0.16953503623405183,0.15436778731717474,8.85256621387894e-05,0.16894248157771505,0.20422023604821618,0.13544239107622427,0.157540389975772,0.1897798862777167,0.1157830856980355
112,0.04774932090152324,0.019712783,0.16794086871015335,0.15252731324280108,8.644843137107053e-05,0.16736270717717552,0.20212784045564705,0.13433205849763744,0.15579914849055368,0.1872881560505612,0.11449463518728833
113,0.046273332170067044,0.02000645,0.16853036724506865,0.15228502147974135,8.422735529643441e-05,0.16898786883831068,0.2009847627365632,0.13561847016033196,0.15667278238997417,0.18481370295778415,0.11536857909146578
114,0.045364733119908796,0.019169925,0.16887866299142773,0.1531955443070537,8.187119948743445e-05,0.16875735170203734,0.20262094544690187,0.13525769182534397,0.15691018775194898,0.1873048946420959,0.11537155052711624
115,0.04647515634823761,0.019703804,0.1668314934303495,0.15147581915754904,7.938926261462359e-05,0.1665290568413898,0.2010509454939588,0.1329144779556999,0.1549450172839509,0.18647161782449082,0.11301082236420543
116,0.05334144434813899,0.021330465,0.16775971621525385,0.15247487928070932,7.679133974894979e-05,0.16728451949320258,0.20242479100050148,0.13356983815205745,0.15588501886964376,0.18750396816650294,0.1140356508059812
117,0.05130611819415918,0.020591615,0.164898018374709,0.1494021053309408,7.408768370508574e-05,0.16461299276088778,0.198490205851162,0.13159085651207728,0.15306960309150522,0.18331042729350064,0.11182628560781661
118,0.051953540507530906,0.021148873,0.16424439819524492,0.14854331317257066,7.128896457825363e-05,0.16416942742245413,0.19714973233208366,0.13141403483119699,0.15243239031656872,0.1815784039575442,0.11161914524359903
119,0.05163185920646583,0.021393271,0.16441182424796266,0.14844181507288376,6.840622763423391e-05,0.16461104749869715,0.19660226342724524,0.13202216181794565,0.15270742067165616,0.18053474298635455,0.11208328156064058
120,0.05100522978998131,0.02188571,0.16331364001724122,0.14691491035360996,6.54508497187474e-05,0.163883114532896,0.19543670258099421,0.13062110293783347,0.15172407253752862,0.17819438429464463,0.11082627422865664
121,0.05350518614349116,0.024028843,0.16319118465948132,0.14717937739266326,6.24344943582427e-05,0.1633443181728684,0.19547019899035342,0.13075903681522216,0.15149944155005005,0.1790643040728181,0.11097438655512165
122,0.05091218825449289,0.023746086,0.15829014560031365,0.1428155194528543,5.936906572928621e-05,0.1620617006043405,0.18258362882261925,0.13022510737398127,0.1502855277145039,0.16762612079765413,0.11053490984640488
123,0.050368390437715384,0.023937931,0.15875167482433983,0.14390322064840072,5.62666616782152e-05,0.1612075942194057,0.18557575884804578,0.12947167140556806,0.14987574738879478,0.17167587321220143,0.11015804134420598
124,0.04958310305830766,0.022841528,0.15488064209906408,0.14053788892958988,5.313952597646568e-05,0.1613627343347516,0.1735042273824727,0.1297749645799679,0.15036385537219876,0.16038753563848876,0.1108622757780821
125,0.05382249274698119,0.024853654,0.14994014991060234,0.13575710671502667,5.000000000000003e-05,0.15627828814973377,0.16725730155819538,0.12628486002387782,0.14549475715115842,0.1542984257240927,0.10747813726982884
126,0.0546787279991147,0.023554932,0.15495206334717682,0.14048711055982085,4.68604740235343e-05,0.16044180139990205,0.17423292727713752,0.13018146136449088,0.1492337245405229,0.1609435922129774,0.11128401492596227
127,0.05844065230531183,0.025974935,0.15111335283137953,0.13773729041300994,4.373333832178477e-05,0.15649168613775097,0.1687928821555488,0.12805549020083878,0.14620959287312768,0.15709529191088278,0.10990698645501941
128,0.06675019318118694,0.029648716,0.1621951670929132,0.14717943069113293,4.0630934270713726e-05,0.1614918475303686,0.1944034208816776,0.1306902328666934,0.15016736092650687,0.1798647696983862,0.11150616144850571
129,0.07866890843389095,0.03634018,0.16019024588807626,0.14511308985429447,3.7565505641757235e-05,0.15983012987650394,0.19053265214951817,0.1302079556382067,0.14814495857048998,0.17582691130145375,0.11136739969093969
130,0.05306504040570013,0.026008656,0.1591699191059854,0.14440564417197765,3.454915028125262e-05,0.15868204595242988,0.1903196208570468,0.12850809050847956,0.14744281159013842,0.17614727284516643,0.10962684808062813
131,0.05079808238848602,0.021108434,0.15806790704012527,0.14412158576613007,3.159377236576612e-05,0.15742004528187858,0.18900738310570372,0.12777629273279345,0.1465556766368217,0.17595153403232655,0.10985754662924194
132,0.06176837627135466,0.025545396,0.1541693935968527,0.1408140256564099,2.8711035421746316e-05,0.15358003934785855,0.18328822636617642,0.1256399150765232,0.14275358808394217,0.17070576181656433,0.10898272706872318
133,0.06283559192780319,0.025359968,0.15252489523537927,0.13992132578342095,2.5912316294914202e-05,0.15059063622992003,0.18499587833589073,0.12198817114032703,0.14101947474063292,0.17233318278409776,0.10641131982553213
134,0.07768201311267303,0.033970956,0.13813805919551356,0.12486527256877422,2.320866025105015e-05,0.1360345348905214,0.16735048056974758,0.11102916212627173,0.12591353719452691,0.15368795013467043,0.09499433037712532
135,0.06924361559623163,0.028598228,0.13636435119679172,0.12314351159641278,2.0610737385376342e-05,0.13423175609939908,0.16542954421412395,0.10943175327685217,0.12430541040826348,0.1516186188531924,0.09350650552778243
136,0.0819896692274017,0.03669374,0.1317184427607523,0.11682140402029462,1.8128800512565462e-05,0.13218496268846858,0.15421989944620906,0.10875046614757933,0.12202577134160379,0.13541682558756096,0.09302161513171907
137,0.09500794000371533,0.04515843,0.13160509032838422,0.11785565333247928,1.577264470356553e-05,0.1308734754271488,0.1564304008067163,0.1075113947512875,0.12043555664092666,0.1413507019742367,0.0917807013822745
138,0.11485402738737241,0.06332764,0.1316239343319702,0.11888015364836758,1.3551568628929402e-05,0.12947636184188707,0.16073540744810327,0.10466003370592024,0.11940782117560947,0.14764435966866488,0.08958828010082844
139,0.1180001795872028,0.06756195,0.12713371490015082,0.11427317048523537,1.147433786121053e-05,0.12476746132267952,0.1556767550628362,0.10095692831493669,0.11429571930986786,0.1423832314697527,0.08614056067608555
140,0.16127710258571928,0.118671924,0.1822183636703247,0.14743607557945662,9.549150281252631e-06,0.20363292514229506,0.16139336416019728,0.18162880170848172,0.16972967007032314,0.12775047911052606,0.14482807755752067
141,0.18906799346731168,0.15421316,0.19262157237085764,0.15593950496728126,7.783603724899257e-06,0.1979841840467565,0.16858321222632158,0.21129732083949485,0.16298995002117592,0.12900312291096044,0.17582544196970742
142,0.16849498495020906,0.13495435,0.1792435695073538,0.14448478039380822,6.184665997806799e-06,0.18670810542116748,0.1556076544820085,0.19541494861888545,0.15504597793359415,0.12104492253403257,0.15736344071379788
143,0.233216693370203,0.18754457,0.1756471738951286,0.14279794888149525,4.758647376699012e-06,0.17782120083934544,0.15792911851766872,0.19119120232837158,0.14662473881400867,0.1210828060242486,0.1606863018062285
144,0.2071064734203239,0.16985057,0.15523573832892482,0.12440168334150721,3.5111757055874243e-06,0.15928276668689773,0.13780214614379144,0.16862230215608534,0.13073382743363032,0.10169837611928996,0.1407728464716014
145,0.2006396072523001,0.16313267,0.1636661097387753,0.13137871523345968,2.447174185242327e-06,0.16616792513388115,0.1452950954615196,0.17953530862092512,0.1360742402903372,0.10879348457370706,0.1492684208363347
146,0.19733781308131346,0.16218674,0.16488288827664296,0.13146050790289623,1.5708419435684504e-06,0.16696706492387448,0.14466751006642695,0.18301408983962747,0.13603546156506865,0.10738265805039875,0.15096340409322134
147,0.1924635209696036,0.1565606,0.16430323367566435,0.1304154207446386,8.856374635655575e-07,0.1670504308271694,0.14530208365609232,0.18055718654373132,0.1352621039236744,0.10677702132795454,0.14920713698228683
148,0.18996227920963976,0.15375839,0.1597848072900737,0.1273295135387965,3.9426493427610584e-07,0.16163484384315652,0.14173223169090354,0.17598734633616095,0.13147112501475006,0.10455425229055723,0.14596316331108228
149,0.19194518921747378,0.15539756,0.15989539402881725,0.12737028707085513,9.866357858642196e-08,0.1618314989599757,0.14139400115052403,0.17646068197595202,0.13186847149245245,0.10328679078894117,0.14695559893117177
150,0.19226192112171847,0.15556134,0.16002787410978536,0.12761425625653908,0.0,0.16196417475801236,0.14143742535789874,0.17668202221344495,0.13200059704341308,0.10350610042248735,0.14733607130371684
151,0.1923693527208698,0.15560545,0.16002787410978536,0.12761425625653908,9.866357858642205e-08,0.16196417475801236,0.14143742535789874,0.17668202221344495,0.13200059704341308,0.10350610042248735,0.14733607130371684
152,0.19234592875390794,0.15570506,0.16007036423095675,0.12789119652003436,3.942649342761007e-07,0.16192103953502177,0.14146456908101332,0.17682548407683518,0.13216907102734973,0.10375142356738937,0.14775309496536398
153,0.19175380789349414,0.15553007,0.15976056161138408,0.1281298374998091,8.856374635655695e-07,0.16112819948508014,0.1411041592269137,0.1770493261221584,0.13215252823600843,0.10406780101070524,0.14816918325271364
154,0.19083452414896426,0.15493968,0.16020656113037787,0.12821470952304773,1.5708419435684462e-06,0.16159101497342016,0.1404886486050706,0.1785400198126429,0.1322813174931904,0.10350686320915407,0.14885594786679868
155,0.18926445984532128,0.15332715,0.1607584410662071,0.12705659047601794,2.4471741852423182e-06,0.1624653375515207,0.1400515952144967,0.17975839043260383,0.1314534233639389,0.10169873661675552,0.14801761144735948
156,0.18184035322916198,0.1441921,0.14382846312818273,0.11258572550500445,3.5111757055874167e-06,0.14542444378138605,0.13209775188899442,0.15396319371416767,0.1153067057497482,0.10107785088391286,0.12137261988135227
157,0.17431110203132125,0.13928466,0.12766441370041914,0.09405434610649717,4.758647376699e-06,0.12637549299693107,0.11118273034047753,0.14543501776384885,0.09251577284111388,0.07583244593185605,0.11381481954652158
158,0.16647848544152352,0.12631263,0.15037300229639614,0.12430330566376778,6.184665997806828e-06,0.15544828562386329,0.15287132562281716,0.1427993956425079,0.13214433918254764,0.12255429927573695,0.11821127853301872
159,0.13268661848149385,0.08707417,0.13191024501956597,0.11688661301211156,7.783603724899249e-06,0.12646638610129868,0.16165167100703756,0.1076126779503617,0.11487548649880157,0.14296528853571155,0.09281906400182155
160,0.11714849268250789,0.06896448,0.1308972249434853,0.11799660853434613,9.54915028125262e-06,0.12698459807876622,0.1618607263320821,0.10384635041960756,0.11714065486178996,0.14679892867944033,0.09005024206180813
161,0.09474573801873347,0.050324526,0.14197103341055697,0.12992379901978143,1.1474337861210518e-05,0.13879373559405875,0.17700866539017984,0.11011069924743229,0.1299208077291074,0.16351162263490138,0.0963389666953355
162,0.06472596426275995,0.033509117,0.15658151697729966,0.14221647815925975,1.3551568628929387e-05,0.15482437772971624,0.19207090530312895,0.12284926789905377,0.1440867507556,0.1776434933471879,0.10491919037499133
163,0.06151759538518102,0.03298441,0.15504927506186755,0.1404069941244639,1.5772644703565518e-05,0.15301244398871627,0.18936264119663934,0.12277274000024703,0.14248201468219654,0.1733742142632203,0.10536475342797479
164,0.06143644080685021,0.033152763,0.15516434813024071,0.13941532399466014,1.8128800512565452e-05,0.15479684601370858,0.186295107104756,0.12440109127225758,0.1431104660334587,0.16870613672253165,0.10642936922799007
165,0.05347633825698137,0.026377132,0.16302022105202207,0.14682505661994946,2.061073738537626e-05,0.16260241821253588,0.19545852430580893,0.1309997206377214,0.150675824935994,0.17748285262032906,0.11231649230352533
166,0.09717168566530042,0.06743431,0.15543191949392252,0.12639995869961287,2.320866025105022e-05,0.1678385539818033,0.1542784475945399,0.1441787569054243,0.13549726137956944,0.12320859126853187,0.12049402345073731
167,0.1473516537377749,0.109132506,0.16446801715530748,0.14082291641606273,2.5912316294914266e-05,0.1623186408955565,0.1931813265042561,0.13790408406610985,0.1426110287181677,0.1643253826459874,0.11553233788403315
168,0.06544907351437865,0.03429315,0.17121483685371008,0.15548888157570953,2.8711035421746384e-05,0.1700421979628169,0.20480223421949711,0.1388000783788163,0.1582034234190992,0.18758550922704176,0.1206777120809876
169,0.048127773891795476,0.023371784,0.1758078161408704,0.1594402986843668,3.1593772365766105e-05,0.17490952991597247,0.2098602339601451,0.1426536845464936,0.16274753538700149,0.19107780827521356,0.12449555239088529
170,0.03918519550602024,0.019537868,0.1737156662425848,0.15811977816060366,3.4549150281252616e-05,0.1727935805493687,0.20682109484564046,0.14153232333274518,0.16135246004964976,0.18905719568901524,0.12394967874314602
171,0.045932687136983716,0.025560943,0.1775969563559471,0.1583042626332791,3.7565505641757235e-05,0.18165887167731154,0.20123622205238498,0.14989577533814477,0.16656568541991226,0.1791170073143629,0.12923009516556208
172,0.1107256437355896,0.06348087,0.1653378896047017,0.147795214292023,4.0630934270713726e-05,0.16694768132646007,0.19294023389267917,0.13612575359496587,0.1544695097155174,0.17190751417370143,0.11700861898685018
173,0.038696337107098806,0.018281406,0.17338020402883883,0.15818970002466634,4.373333832178473e-05,0.17322100409898283,0.20575707999229187,0.14116252799524184,0.16191340643446703,0.18906854545379861,0.12358714818573338
174,0.17061764721451553,0.12950686,0.19208574555807076,0.1598676475419922,4.6860474023534247e-05,0.20148205702190647,0.17530415075601863,0.19947102889628715,0.17221655607479727,0.13954576101026533,0.167840625540914
175,0.15127546084800478,0.11917329,0.1690313910459619,0.13717067296222088,4.9999999999999894e-05,0.18168285353241925,0.1691605087679799,0.15625081083748665,0.15298344026963545,0.13265109535795935,0.12587748325906792
176,0.08511823637277394,0.0543369,0.15842827550486008,0.14114284817616343,5.3139525976465636e-05,0.15697479295510552,0.19864394250085005,0.11966609105862464,0.1431526988501985,0.18233466616071786,0.09794117951757395
177,0.06495645711281785,0.0286765,0.1646982522396251,0.15126120843219956,5.626666167821526e-05,0.16155695508911433,0.20398931157430372,0.12854849005545724,0.15164373515975332,0.190024734694841,0.1121151554420044
178,0.07184517681421602,0.02650016,0.16199296733924773,0.1481558114232633,5.936906572928625e-05,0.16077083043969892,0.19706764994544249,0.12814042163260178,0.1501387744334293,0.18348626961395634,0.11084239022240434
179,0.07037389020773836,0.025047539,0.16277818980268563,0.14902404367915487,6.243449435824274e-05,0.16131266138878356,0.1981410139196998,0.12888089409957354,0.15082777104870296,0.18462174419510824,0.1116226157936534
180,0.07551354752669631,0.026335679,0.16398913462940343,0.15014300641035,6.545084971874736e-05,0.16259242215516256,0.1991357163641569,0.13023926536889077,0.15201577937956254,0.1856241058553685,0.11278913399611896
181,0.08118280498153657,0.027078707,0.16417496847354102,0.15022647640824516,6.840622763423387e-05,0.16291842344088792,0.19939543361513173,0.1302110483646034,0.1522695810178363,0.1859489338822108,0.1124609143246884
182,0.08853736367556998,0.029908748,0.16519417108743592,0.15113983465788272,7.12889645782536e-05,0.16413292818098402,0.1997993997834653,0.1316501852978585,0.1533713613368569,0.18626485300203074,0.1137832896347605
183,0.09412486062104741,0.03182209,0.16574208475087882,0.15154085898195635,7.408768370508572e-05,0.16496796238297948,0.20024038469111896,0.132017907178538,0.1540847752573805,0.18661553005479314,0.11392227163369542
184,0.09695198847714422,0.03283631,0.16549397557817827,0.15137715337066762,7.679133974894978e-05,0.16438397726512527,0.20052600262714296,0.1315719468422666,0.15361876083182388,0.18697199947942622,0.1135406998007527
185,0.10071840114076867,0.034318563,0.16611401857815936,0.15212861580548967,7.938926261462367e-05,0.1646964471061871,0.201626344557984,0.13201926407030692,0.15409550872498123,0.18805789476970383,0.114232443921784
186,0.07198630215686422,0.025022384,0.16668838598508906,0.15268351931311583,8.187119948743448e-05,0.16530754951664434,0.2023722040406934,0.13238540439792948,0.1547150852504366,0.18876929123559003,0.11456618145332086
187,0.10058559170009108,0.034232706,0.16689695992624184,0.1529039539481438,8.422735529643449e-05,0.16554043750440028,0.20236635534359623,0.13278408693072893,0.15492835621171103,0.18873896068045168,0.11504454495226875
188,0.061585788207651544,0.023484588,0.16709063829587803,0.15294055208271054,8.644843137107063e-05,0.16561743157286396,0.20269534988181542,0.1329591334329548,0.15493822183366962,0.18870327686835164,0.11518015754611041
189,0.055607299372241785,0.022197226,0.16812728861302131,0.15402201510250857,8.85256621387895e-05,0.1665193666861685,0.20420299807617034,0.13365950107672506,0.15593386988781643,0.19020400718407263,0.11592816823563669
190,0.05541266209597921,0.02247363,0.17073066026606756,0.15631815063452273,9.04508497187474e-05,0.16941704831543072,0.20643611728058545,0.13633881520218655,0.15861186423281093,0.19198013587921986,0.11836245179153737
191,0.05566042324867442,0.022753052,0.1719963450961115,0.15740643197674517,9.221639627510077e-05,0.17085025316209837,0.20777417185411776,0.13736461027211844,0.15992686035400813,0.19321274677580508,0.11907968880042236
192,0.06099312684360876,0.023728171,0.17211343004744106,0.15745986877180956,9.381533400219321e-05,0.171135329498866,0.20803012362377268,0.1371748370196845,0.16015129866708747,0.1936169823670924,0.1186113252812488
193,0.06398042541273927,0.023766058,0.17261885726839757,0.1578264464251805,9.524135262330099e-05,0.17184075141139327,0.2077984935622204,0.13821732683157906,0.16070572771281436,0.19327189298571354,0.11950171857701365
194,0.06750571884326143,0.026402256,0.16811081500015404,0.15225165109315314,9.648882429441261e-05,0.1674686070557996,0.20531774797004584,0.1315460899746167,0.15582786394333145,0.19019935074841848,0.1107277385877095
195,0.07103197374630416,0.02579982,0.16853393087431312,0.15367165582959444,9.755282581475771e-05,0.16756902451995284,0.20395610910165232,0.13407665900133417,0.15632276998602146,0.18973202661980546,0.11496017088295638
196,0.06765812320065089,0.024596456,0.1679527954001947,0.1532666194697462,9.84291580564316e-05,0.16681324496357644,0.203651485927025,0.13339365530998265,0.15571183510024303,0.1897269454439236,0.11436107786507194
197,0.06973203274441864,0.02616313,0.1691149087603309,0.15444255303364338,9.911436253643447e-05,0.16800414722159085,0.2050485037507258,0.1342920753086761,0.15693608441734203,0.19120826959955978,0.11518330508402835
198,0.09018276821092479,0.03188372,0.16889740834205794,0.1542440082224853,9.960573506572394e-05,0.16778339142650436,0.2047286973624765,0.134180136237193,0.1567135293764525,0.1909122775652831,0.1151062177257203
199,0.09329977564774213,0.03277444,0.16820416022627396,0.15338267247312623,9.990133642141361e-05,0.1672224746191042,0.20389369391608625,0.1334963121436314,0.15602332403231764,0.18990687370226977,0.11421781968479122
200,0.07495269976074362,0.027902111,0.16815926578825888,0.1533839742439731,0.00010000000000000005,0.16713773165630133,0.2040491975987078,0.1332908681097675,0.15597101332156063,0.19022632504439363,0.11395458436596506
201,0.09370218118218117,0.032972764,0.16860279063881908,0.1537857087582097,9.990133642141364e-05,0.1676917913339653,0.20401555956325965,0.13410102101923224,0.15647444994572013,0.1900640595307959,0.11481861679811309
202,0.07923838836865237,0.028883481,0.16689470001388593,0.15206299062495018,9.960573506572395e-05,0.16588053405526437,0.2023198886975078,0.1324836772888855,0.1546144572535488,0.1884708214157851,0.11310369320551665
203,0.07693236185529455,0.028292263,0.168404206043162,0.15353616398953676,9.911436253643448e-05,0.1674906115108407,0.20403909862793945,0.13368290799070587,0.15626063759832448,0.19007983640311585,0.11426801796717002
204,0.08082902844674993,0.02925809,0.1679736649233582,0.15306358300952172,9.84291580564316e-05,0.16707194313738175,0.20332585363285824,0.1335231979998346,0.15577917585648604,0.18926022776683057,0.11415134540524852
205,0.07371669222288835,0.027020294,0.16814936822298732,0.15318053104348534,9.755282581475774e-05,0.16725261985448475,0.203562483351855,0.13363300146262216,0.1559218032265076,0.18948456570988453,0.11413522419406393
206,0.07407849847175382,0.02752729,0.16995569498645915,0.15498284937271853,9.648882429441265e-05,0.1691028819016981,0.20536539259649028,0.13539881046118912,0.15782256944718198,0.1911401831926331,0.11598579547834045
207,0.08356170977403932,0.030073514,0.16845540098595857,0.1534637146222252,9.524135262330106e-05,0.16757718449862116,0.20355712967990094,0.13423188877935358,0.15621126642725627,0.18939624000263386,0.11478363743678542
208,0.07089843571224372,0.026548324,0.169455435872493,0.15439604181510724,9.381533400219324e-05,0.16908014084365192,0.2034423324245755,0.1358438343492516,0.157595452037448,0.189256875330486,0.11633579807738775
209,0.07658150610687786,0.028641284,0.16968552611508878,0.1547659346836573,9.221639627510083e-05,0.16880422617548957,0.20461168037434335,0.13564067179543335,0.15751677792718244,0.19048024875134908,0.11630077737244039
210,0.0686010636128461,0.025537979,0.16952162073429963,0.1546080294056107,9.045084971874745e-05,0.16851737664921976,0.20476714568919424,0.13528033986448482,0.15724167770538214,0.19076801064282276,0.11581439986862718
211,0.07424481049748456,0.027595703,0.16949636727253484,0.1546279867834307,8.852566213878955e-05,0.16849534227830004,0.2044870545355961,0.1355067050037084,0.15722520364902165,0.19048131664921603,0.11617744005205445
212,0.07985135774899724,0.029046891,0.16887466269763754,0.15407294136587643,8.644843137107061e-05,0.16779936103050908,0.20400618408851925,0.13481844297388437,0.15655796264541602,0.19017554893417501,0.11548531251803823
213,0.07666864056502733,0.028263638,0.16926461392511596,0.15445698277387557,8.422735529643448e-05,0.16848130226297528,0.2036206932374962,0.13569184627487638,0.15718106289432193,0.18977924626735956,0.11641063915994523
214,0.0708168275332656,0.02668915,0.1692994319642301,0.15449027082441935,8.187119948743454e-05,0.1684920977842004,0.20387649473015762,0.1355297033783322,0.15723743925443195,0.18994259888077786,0.11629077433804826
215,0.06444400099176426,0.02601306,0.1700428857905997,0.15525981495001104,7.938926261462373e-05,0.16935032644190395,0.20474179524400377,0.13603653568589147,0.15816724678291397,0.19075831860281472,0.11685387946430435
216,0.06885001875336323,0.026183493,0.16734551960894595,0.15251697398051176,7.679133974894992e-05,0.16646667180860894,0.2021736183881995,0.13339626863002935,0.15518423789677027,0.18844278322784083,0.11392390081692416
217,0.07045372422547935,0.026796695,0.168515734150435,0.15359350497440502,7.408768370508587e-05,0.16754667038426405,0.20381966855261946,0.13418086351442152,0.15625397320551132,0.18992527334750994,0.1146012683701938
218,0.0660909795311968,0.02475193,0.16876512013222558,0.1539980508271329,7.128896457825376e-05,0.16794446119546605,0.2033420500374543,0.13500884916375647,0.1566790308616576,0.18966662181249117,0.11564849980724988
219,0.07661376298091906,0.027680788,0.16769836409412045,0.15278448568008746,6.840622763423395e-05,0.16680000686247787,0.2023964343927468,0.13389865102713674,0.15538633228986629,0.1887663697004559,0.11420075504994015
220,0.08373558556515584,0.029725386,0.16650223533248884,0.15093412883661175,6.545084971874744e-05,0.16636606213483845,0.20013032764347,0.13301031621915804,0.15435524328855812,0.18597865290867302,0.11246849031260409
221,0.07497434005689696,0.029675538,0.16742534085000746,0.15208426122995433,6.243449435824274e-05,0.16731097831587022,0.20098199071549386,0.13398305351865822,0.15538506714036113,0.18736724532231916,0.1135004712271827
222,0.07999258500964002,0.031125166,0.17079199647542112,0.1546964432828874,5.936906572928625e-05,0.17154764576341136,0.20269127423855743,0.13813706942429455,0.1590184807659075,0.18783373632826664,0.11723711275448805
223,0.0913718838627768,0.033985104,0.16768441555408156,0.1521827178400238,5.6266661678215243e-05,0.16749757148022104,0.2007794339875967,0.13477624119442697,0.15544111078599307,0.18671971279168667,0.11438732994239166
224,0.11791460299446405,0.042982023,0.16816967804766017,0.15233370328262327,5.313952597646571e-05,0.1682229825168043,0.19987222286925613,0.13641382875692015,0.15591768600034933,0.18556584431670398,0.11551757953081648
225,0.10659270413728306,0.038174506,0.16916114941259006,0.15353555325303916,5.0000000000000057e-05,0.16993016736398808,0.1994721523934976,0.13808112848028448,0.15765898843655063,0.1848478334914627,0.11809983783110417
226,0.11041689793187222,0.038614452,0.16679543869997512,0.15142016609308012,4.686047402353441e-05,0.16720538115119946,0.19743140179245763,0.1357495331562682,0.1549708154202186,0.18390020613397787,0.11538947672504392
227,0.07782579331852722,0.026251893,0.16404414375731538,0.1492463041346225,4.373333832178488e-05,0.1639853513281888,0.1953034280053981,0.13284365193835918,0.15227558648928322,0.18241738527357074,0.11304594064101361
228,0.0790960080454542,0.026137147,0.16337713924150507,0.14869940391111597,4.0630934270713875e-05,0.1632123980243178,0.19500881954772056,0.1319102001524768,0.1516528407432365,0.1821509266215208,0.11229444436859061
229,0.06990393887919437,0.02394504,0.1620199834556032,0.1482433960216542,3.7565505641757384e-05,0.16164008102128324,0.19413838518341697,0.1302814841621094,0.15091616911356726,0.1817177777936354,0.11209624115775997
230,0.06116812110035802,0.021612767,0.16033856692439644,0.146845765662105,3.4549150281252595e-05,0.15991949679081016,0.1925675816546216,0.12852862232775752,0.149449182328199,0.1804092348873106,0.11067887977080541
231,0.061560815048007714,0.021837022,0.1599035992874317,0.14649209948487726,3.1593772365766085e-05,0.15971841019481642,0.1914926071169998,0.1284997805504788,0.14929621838412074,0.17942910096581574,0.11075097910469531
232,0.06379573982280567,0.022516394,0.15865789956584092,0.14533796645883604,2.871103542174637e-05,0.15878800724083597,0.18948159563037728,0.12770409582630954,0.14841417038785748,0.17756138886335118,0.11003834012529945
233,0.062066333539330006,0.021809766,0.15727592796800807,0.14409839388588425,2.591231629491425e-05,0.15751268191219941,0.18756977224705332,0.1267453297447715,0.14723281685241627,0.17579911607276233,0.1092632487324741
